id,date,text,likes
528,2023-06-29,1–¢ –±—É–¥–µ—Ç —É—á–∞—Å—Ç–≤–æ–≤–∞—Ç—å –≤ —Ä–∞–∑–≤–∏—Ç–∏–∏ –±–µ—Å–ø–∏–ª–æ—Ç–Ω–æ–≥–æ —Ç—Ä–∞–Ω—Å...,20
440,2023-05-12,üê≠ –£ –Ω–∞—Å –ø–æ—è–≤–∏–ª—Å—è –∫–ª–∞—Å—Å–Ω—ã–π –º–µ—Ä—á ‚Äî –∫–æ–≤—Ä–∏–∫–∏ –∏ –∫–æ–º–ø—å—é—Ç...,18
404,2023-04-27,–ü—Ä–æ—Ñ–µ—Å—Å–∏—è –∞–Ω–∞–ª–∏—Ç–∏–∫: –æ—Ç–∫—Ä—ã—Ç—ã–π –≤–µ–±–∏–Ω–∞—Ä...,18
565,2023-07-19,–ü—Ä–æ–¥–æ–ª–∂–∞–µ–º –±–ª–∏–∂–µ –∑–Ω–∞–∫–æ–º–∏—Ç—å—Å—è —Å –Ω–∞—à–∏–º–∏ –ª—é–±–∏–º—ã–º–∏ —ç–∫—Å...,17
505,2023-06-15,–ö–∞–∫ —Å–æ–∑–¥–∞–≤–∞–ª–∏—Å—å –∫—É—Ä—Å—ã 1–¢?    –°–Ω–∞—á–∞–ª–∞ –º—ã –æ–±–∑–∞–≤–µ–ª–∏—Å—å...,17
428,2023-05-06,1–¢ ‚Äî —Å–ø–æ–Ω—Å–æ—Ä –∫–æ–Ω–∫—É—Ä—Å–∞ –ú–∏—Å—Å –∏ –ú–∏—Å—Ç–µ—Ä –°–ü–±–°–û 2023    ...,17
403,2023-04-26,üöÄ –¢—Ä–∏ –Ω–æ–≤—ã—Ö –∫—É—Ä—Å–∞ –æ—Ç 1–¢ –ø–æ –∏—Å–∫—É—Å—Å—Ç–≤–µ–Ω–Ω–æ–º—É –∏–Ω—Ç–µ–ª–ª–µ–∫...,17
547,2023-07-12,–ö–∞–∫ –≤ 1–¢ –ö–ª—É–±–µ –æ—Ä–≥–∞–Ω–∏–∑–æ–≤–∞–Ω–∞ –º–µ–Ω—Ç–æ—Ä—Å–∫–∞—è –ø–æ–¥–¥–µ—Ä–∂–∫–∞ –∫...,16
525,2023-06-27,"–í—ã –≤–Ω–∏–º–∞—Ç–µ–ª—å–Ω–æ —Å–ª—É—à–∞–ª–∏ –∏—Ö –Ω–∞ –≤–µ–±–∏–Ω–∞—Ä–∞—Ö, —á–∏—Ç–∞–ª–∏ –∏—Ö ...",14
535,2023-07-04,–ö–∞–∫ —Å—Ç–∞—Ç—å —Ä—É–∫–æ–≤–æ–¥–∏—Ç–µ–ª–µ–º –æ—Ç–¥–µ–ª–∞ –∞–Ω–∞–ª–∏—Ç–∏–∫–∏ –∏–∑ 14 —á–µ–ª...,13
