id,date,text,comments
13,2022-09-08,–ï—â–µ —Ç—Ä–∏ –Ω–æ–≤—ã—Ö —Ç–µ—Ä–º–∏–Ω–∞ üéâ    –î–≤–∞ —Å–ª–æ–≤–∞ –∏–∑ —Ç—Ä–µ—Ö –Ω–∞–º –ø...,7
299,2023-03-07,–ü—Ä–∏—Ä—É—á–∞–µ–º –∏—Å–∫—É—Å—Å—Ç–≤–µ–Ω–Ω—ã–π –∏–Ω—Ç–µ–ª–ª–µ–∫—Ç    üé® 1 –º–∞—Ä—Ç–∞ —Å—Ç–∞...,5
554,2023-07-14,–ó–∞–∫–ª—é—á–∏—Ç–µ–ª—å–Ω–∞—è —á–∞—Å—Ç—å —Å–æ–≤–µ—Ç–æ–≤ –æ—Ç —É—á–∞—Å—Ç–Ω–∏–∫–æ–≤ —Ä–∞–∑—Ä–∞–±–æ...,3
485,2023-06-06,–ò—Ç–æ–≥–∏ –∫–æ–Ω–∫—É—Ä—Å–∞ #–Ω–∞–≤—ã–∫–∏1–¢    üê≠ –ù–µ–¥–∞–≤–Ω–æ —É 1–¢ –°–ø—Ä–∏–Ω—Ç ...,3
383,2023-04-17,–î–æ—Ä–æ–≥–∏–µ –¥—Ä—É–∑—å—è!    üéâ –ù–µ–¥–∞–≤–Ω–æ —á–µ—Ç—ã—Ä–Ω–∞–¥—Ü–∞—Ç—å –∫–æ–º–∞–Ω–¥ 7...,3
341,2023-03-27,"üè¥‚Äç‚ò† –í—ã–ª–æ–∂–∏–ª–∏ –Ω–∞ –Ω–∞—à–µ–º YouTube-–∫–∞–Ω–∞–ª–µ –≤–∏–¥–µ–æ, —Ç–æ—á–Ω–æ ...",2
565,2023-07-19,–ü—Ä–æ–¥–æ–ª–∂–∞–µ–º –±–ª–∏–∂–µ –∑–Ω–∞–∫–æ–º–∏—Ç—å—Å—è —Å –Ω–∞—à–∏–º–∏ –ª—é–±–∏–º—ã–º–∏ —ç–∫—Å...,1
531,2023-07-01,"7 –ø–æ–ª–µ–∑–Ω—ã—Ö —Å–µ—Ä–≤–∏—Å–æ–≤ –¥–ª—è —Ç–µ—Ö, –∫—Ç–æ —Ä–∞–±–æ—Ç–∞–µ—Ç —Å —Ç–µ–∫—Å—Ç–∞...",1
499,2023-06-11,–ß–µ–≥–æ –Ω–µ —Å—Ç–æ–∏—Ç –¥–µ–ª–∞—Ç—å –Ω–∞ —Å–æ–±–µ—Å–µ–¥–æ–≤–∞–Ω–∏–∏    –í—ã –æ—Ç–∫–ª–∏–∫...,1
309,2023-03-11,üîî –°–≤–∏—Å—Ç–∞—Ç—å –≤—Å–µ—Ö –Ω–∞–≤–µ—Ä—Ö!    üè¥‚Äç‚ò† –ò–¢-–∫–æ–Ω—Ñ–µ—Ä–µ–Ω—Ü–∏—è –°–ø—Ä–∏...,1
